ali,ali,abba,khabba,avohx,shiv,sammy,raskolnikov,razumihin,brzenskiy,bruhgskiy,hamud,rashid,urban,standin,landin,danzig,posen,breslau,konigsberg,zweig,amr,abudor,tenebrouse,mousse,mouse,bruhgman,bruhgthony,bruhgnise,polonaise,muhammad,mehmet,mahmout,mohammed,muhammed,mahammad,abraham,abraheim,ibrahim,ibrahem,yitzhak,isaac,isaak,itzhak,broskiy,plopskiy,yessirskiy,bubzskiy,znajder,schneider,mans,nate,nathany,nathaniovich,nathaniel,ventura,arutnev,root,compartmentalisation
